index,store,product,sales,date,level_0,invoice_total,invoice_totalTip,invoice_address_city,invoice_deleted_at,customerCategory_id,tableArea_id,address.company,address.city,item_product_discountable,item_product_pricePerUnit,item_retour,item_expirationDate,item_price,item_lineDiscountGross,item_invoiceDiscountGross,item_discountable,paymentMethod_id_x,productgroup_name,user_name,table_name
0,1,Cola,6,2021-06-16,0,19.73,0,,,,cat_172500,,,1,1.8,0,,1.8,,,1,cat_480951,Alkoholfreie Getränke,jonaskrauss,Innen 7
1,1,Cola,6,2021-06-17,7,19.73,0,,,,cat_172500,,,1,1.8,0,,1.8,,,1,cat_480951,Alkoholfreie Getränke,jonaskrauss,Innen 7
2,1,Cola,6,2021-06-18,13,19.73,0,,,,cat_172500,,,1,1.8,0,,1.8,,,1,cat_480951,Alkoholfreie Getränke,jonaskrauss,Innen 7
3,1,Cola,3,2021-06-19,20,12.5,0,,,,cat_172501,,,1,1.8,0,,1.8,,,1,cat_480952,Alkoholfreie Getränke,jonaskrauss,Außen 7
4,1,Cola,3,2021-06-20,26,18.48,0,,,,cat_172500,,,1,1.8,0,,1.8,,,1,cat_480951,Alkoholfreie Getränke,jonaskrauss,Innen 5
5,1,Cola,3,2021-06-21,33,12.5,0,,,,cat_172501,,,1,1.8,0,,1.8,,,1,cat_480952,Alkoholfreie Getränke,jonaskrauss,Außen 7
6,1,Cola,3,2021-06-22,39,18.48,0,,,,cat_172500,,,1,1.8,0,,1.8,,,1,cat_480951,Alkoholfreie Getränke,jonaskrauss,Innen 5
7,1,Cola,6,2021-06-23,46,19.73,0,,,,cat_172500,,,1,1.8,0,,1.8,,,1,cat_480951,Alkoholfreie Getränke,jonaskrauss,Innen 7
8,1,Cola,6,2021-06-24,52,19.73,0,,,,cat_172500,,,1,1.8,0,,1.8,,,1,cat_480951,Alkoholfreie Getränke,jonaskrauss,Innen 7
9,1,Cola,6,2021-06-25,59,19.73,0,,,,cat_172500,,,1,1.8,0,,1.8,,,1,cat_480951,Alkoholfreie Getränke,jonaskrauss,Innen 7
10,1,Cola,3,2021-06-26,66,12.5,0,,,,cat_172501,,,1,1.8,0,,1.8,,,1,cat_480952,Alkoholfreie Getränke,jonaskrauss,Außen 7
11,1,Cola,3,2021-06-27,71,18.48,0,,,,cat_172500,,,1,1.8,0,,1.8,,,1,cat_480951,Alkoholfreie Getränke,jonaskrauss,Innen 5
12,1,Cola,3,2021-06-28,78,12.5,0,,,,cat_172501,,,1,1.8,0,,1.8,,,1,cat_480952,Alkoholfreie Getränke,jonaskrauss,Außen 7
13,1,Cola,3,2021-06-29,84,18.48,0,,,,cat_172500,,,1,1.8,0,,1.8,,,1,cat_480951,Alkoholfreie Getränke,jonaskrauss,Innen 5
14,1,Cola,6,2021-06-30,91,19.73,0,,,,cat_172500,,,1,1.8,0,,1.8,,,1,cat_480951,Alkoholfreie Getränke,jonaskrauss,Innen 7
15,1,Cola,6,2021-07-01,98,19.73,0,,,,cat_172500,,,1,1.8,0,,1.8,,,1,cat_480951,Alkoholfreie Getränke,jonaskrauss,Innen 7
16,1,Cola,6,2021-07-02,104,19.73,0,,,,cat_172500,,,1,1.8,0,,1.8,,,1,cat_480951,Alkoholfreie Getränke,jonaskrauss,Innen 7
17,1,Cola,3,2021-07-03,111,12.5,0,,,,cat_172501,,,1,1.8,0,,1.8,,,1,cat_480952,Alkoholfreie Getränke,jonaskrauss,Außen 7
18,1,Cola,3,2021-07-04,117,18.48,0,,,,cat_172500,,,1,1.8,0,,1.8,,,1,cat_480951,Alkoholfreie Getränke,jonaskrauss,Innen 5
19,1,Cola,3,2021-07-05,124,12.5,0,,,,cat_172501,,,1,1.8,0,,1.8,,,1,cat_480952,Alkoholfreie Getränke,jonaskrauss,Außen 7
20,1,Cola,3,2021-07-06,130,18.48,0,,,,cat_172500,,,1,1.8,0,,1.8,,,1,cat_480951,Alkoholfreie Getränke,jonaskrauss,Innen 5
21,1,Cola,6,2021-07-07,136,19.73,0,,,,cat_172500,,,1,1.8,0,,1.8,,,1,cat_480951,Alkoholfreie Getränke,jonaskrauss,Innen 7
22,1,Cola,6,2021-07-08,143,19.73,0,,,,cat_172500,,,1,1.8,0,,1.8,,,1,cat_480951,Alkoholfreie Getränke,jonaskrauss,Innen 7
23,1,Cola,6,2021-07-09,150,19.73,0,,,,cat_172500,,,1,1.8,0,,1.8,,,1,cat_480951,Alkoholfreie Getränke,jonaskrauss,Innen 7
24,1,Cola,3,2021-07-11,162,18.48,0,,,,cat_172500,,,1,1.8,0,,1.8,,,1,cat_480951,Alkoholfreie Getränke,jonaskrauss,Innen 5
25,1,Cola,3,2021-07-12,169,12.5,0,,,,cat_172501,,,1,1.8,0,,1.8,,,1,cat_480952,Alkoholfreie Getränke,jonaskrauss,Außen 7
26,1,Cola,3,2021-07-13,175,18.48,0,,,,cat_172500,,,1,1.8,0,,1.8,,,1,cat_480951,Alkoholfreie Getränke,jonaskrauss,Innen 5
27,1,Cola,6,2021-07-14,182,19.73,0,,,,cat_172500,,,1,1.8,0,,1.8,,,1,cat_480951,Alkoholfreie Getränke,jonaskrauss,Innen 7
28,1,Cola,6,2021-07-15,188,19.73,0,,,,cat_172500,,,1,1.8,0,,1.8,,,1,cat_480951,Alkoholfreie Getränke,jonaskrauss,Innen 7
29,1,Cola,6,2021-07-16,195,19.73,0,,,,cat_172500,,,1,1.8,0,,1.8,,,1,cat_480951,Alkoholfreie Getränke,jonaskrauss,Innen 7
30,1,Cola,3,2021-07-17,202,12.5,0,,,,cat_172501,,,1,1.8,0,,1.8,,,1,cat_480952,Alkoholfreie Getränke,jonaskrauss,Außen 7
31,1,Cola,3,2021-07-18,208,18.48,0,,,,cat_172500,,,1,1.8,0,,1.8,,,1,cat_480951,Alkoholfreie Getränke,jonaskrauss,Innen 5
32,1,Cola,3,2021-07-19,215,12.5,0,,,,cat_172501,,,1,1.8,0,,1.8,,,1,cat_480952,Alkoholfreie Getränke,jonaskrauss,Außen 7
33,1,Cola,3,2021-07-20,220,18.48,0,,,,cat_172500,,,1,1.8,0,,1.8,,,1,cat_480951,Alkoholfreie Getränke,jonaskrauss,Innen 5
34,1,Cola,6,2021-07-21,227,19.73,0,,,,cat_172500,,,1,1.8,0,,1.8,,,1,cat_480951,Alkoholfreie Getränke,jonaskrauss,Innen 7
35,1,Cola,6,2021-07-22,234,19.73,0,,,,cat_172500,,,1,1.8,0,,1.8,,,1,cat_480951,Alkoholfreie Getränke,jonaskrauss,Innen 7
36,1,Cola,6,2021-07-23,241,19.73,0,,,,cat_172500,,,1,1.8,0,,1.8,,,1,cat_480951,Alkoholfreie Getränke,jonaskrauss,Innen 7
37,1,Cola,3,2021-07-24,248,12.5,0,,,,cat_172501,,,1,1.8,0,,1.8,,,1,cat_480952,Alkoholfreie Getränke,jonaskrauss,Außen 7
38,1,Cola,3,2021-07-25,254,18.48,0,,,,cat_172500,,,1,1.8,0,,1.8,,,1,cat_480951,Alkoholfreie Getränke,jonaskrauss,Innen 5
39,1,Cola,3,2021-07-26,261,12.5,0,,,,cat_172501,,,1,1.8,0,,1.8,,,1,cat_480952,Alkoholfreie Getränke,jonaskrauss,Außen 7
40,1,Cola,3,2021-07-27,266,18.48,0,,,,cat_172500,,,1,1.8,0,,1.8,,,1,cat_480951,Alkoholfreie Getränke,jonaskrauss,Innen 5
41,1,Cola Bacardi,4,2021-06-16,1,22.98,0,,,,cat_172500,,,1,3.5,0,,3.5,,,1,cat_480951,Alkoholische Getränke,jonaskrauss,Innen 6
42,1,Cola Bacardi,4,2021-06-18,14,22.98,0,,,,cat_172500,,,1,3.5,0,,3.5,,,1,cat_480951,Alkoholische Getränke,jonaskrauss,Innen 6
43,1,Cola Bacardi,2,2021-06-19,21,34.54,0,,,,cat_172501,,,1,3.5,0,,3.5,,,1,cat_480951,Alkoholische Getränke,jonaskrauss,Außen 6
44,1,Cola Bacardi,2,2021-06-20,27,10.6,0,,,,cat_172500,,,1,3.5,0,,3.5,,,1,cat_480951,Alkoholische Getränke,jonaskrauss,Innen 10
45,1,Cola Bacardi,2,2021-06-21,34,34.54,0,,,,cat_172501,,,1,3.5,0,,3.5,,,1,cat_480951,Alkoholische Getränke,jonaskrauss,Außen 6
46,1,Cola Bacardi,2,2021-06-22,40,10.6,0,,,,cat_172500,,,1,3.5,0,,3.5,,,1,cat_480951,Alkoholische Getränke,jonaskrauss,Innen 10
47,1,Cola Bacardi,4,2021-06-23,47,22.98,0,,,,cat_172500,,,1,3.5,0,,3.5,,,1,cat_480951,Alkoholische Getränke,jonaskrauss,Innen 6
48,1,Cola Bacardi,4,2021-06-24,53,22.98,0,,,,cat_172500,,,1,3.5,0,,3.5,,,1,cat_480951,Alkoholische Getränke,jonaskrauss,Innen 6
49,1,Cola Bacardi,4,2021-06-25,60,22.98,0,,,,cat_172500,,,1,3.5,0,,3.5,,,1,cat_480951,Alkoholische Getränke,jonaskrauss,Innen 6
50,1,Cola Bacardi,2,2021-06-26,67,34.54,0,,,,cat_172501,,,1,3.5,0,,3.5,,,1,cat_480951,Alkoholische Getränke,jonaskrauss,Außen 6
51,1,Cola Bacardi,2,2021-06-27,72,10.6,0,,,,cat_172500,,,1,3.5,0,,3.5,,,1,cat_480951,Alkoholische Getränke,jonaskrauss,Innen 10
52,1,Cola Bacardi,2,2021-06-28,79,34.54,0,,,,cat_172501,,,1,3.5,0,,3.5,,,1,cat_480951,Alkoholische Getränke,jonaskrauss,Außen 6
53,1,Cola Bacardi,2,2021-06-29,85,10.6,0,,,,cat_172500,,,1,3.5,0,,3.5,,,1,cat_480951,Alkoholische Getränke,jonaskrauss,Innen 10
54,1,Cola Bacardi,4,2021-06-30,92,22.98,0,,,,cat_172500,,,1,3.5,0,,3.5,,,1,cat_480951,Alkoholische Getränke,jonaskrauss,Innen 6
55,1,Cola Bacardi,4,2021-07-01,99,22.98,0,,,,cat_172500,,,1,3.5,0,,3.5,,,1,cat_480951,Alkoholische Getränke,jonaskrauss,Innen 6
56,1,Cola Bacardi,4,2021-07-02,105,22.98,0,,,,cat_172500,,,1,3.5,0,,3.5,,,1,cat_480951,Alkoholische Getränke,jonaskrauss,Innen 6
57,1,Cola Bacardi,2,2021-07-03,112,34.54,0,,,,cat_172501,,,1,3.5,0,,3.5,,,1,cat_480951,Alkoholische Getränke,jonaskrauss,Außen 6
58,1,Cola Bacardi,2,2021-07-04,118,10.6,0,,,,cat_172500,,,1,3.5,0,,3.5,,,1,cat_480951,Alkoholische Getränke,jonaskrauss,Innen 10
59,1,Cola Bacardi,2,2021-07-05,125,34.54,0,,,,cat_172501,,,1,3.5,0,,3.5,,,1,cat_480951,Alkoholische Getränke,jonaskrauss,Außen 6
60,1,Cola Bacardi,2,2021-07-06,131,10.6,0,,,,cat_172500,,,1,3.5,0,,3.5,,,1,cat_480951,Alkoholische Getränke,jonaskrauss,Innen 10
61,1,Cola Bacardi,4,2021-07-07,137,22.98,0,,,,cat_172500,,,1,3.5,0,,3.5,,,1,cat_480951,Alkoholische Getränke,jonaskrauss,Innen 6
62,1,Cola Bacardi,4,2021-07-08,144,22.98,0,,,,cat_172500,,,1,3.5,0,,3.5,,,1,cat_480951,Alkoholische Getränke,jonaskrauss,Innen 6
63,1,Cola Bacardi,4,2021-07-09,151,22.98,0,,,,cat_172500,,,1,3.5,0,,3.5,,,1,cat_480951,Alkoholische Getränke,jonaskrauss,Innen 6
64,1,Cola Bacardi,2,2021-07-10,157,34.54,0,,,,cat_172501,,,1,3.5,0,,3.5,,,1,cat_480951,Alkoholische Getränke,jonaskrauss,Außen 6
65,1,Cola Bacardi,2,2021-07-11,163,10.6,0,,,,cat_172500,,,1,3.5,0,,3.5,,,1,cat_480951,Alkoholische Getränke,jonaskrauss,Innen 10
66,1,Cola Bacardi,2,2021-07-12,170,34.54,0,,,,cat_172501,,,1,3.5,0,,3.5,,,1,cat_480951,Alkoholische Getränke,jonaskrauss,Außen 6
67,1,Cola Bacardi,2,2021-07-13,176,10.6,0,,,,cat_172500,,,1,3.5,0,,3.5,,,1,cat_480951,Alkoholische Getränke,jonaskrauss,Innen 10
68,1,Cola Bacardi,4,2021-07-14,183,22.98,0,,,,cat_172500,,,1,3.5,0,,3.5,,,1,cat_480951,Alkoholische Getränke,jonaskrauss,Innen 6
69,1,Cola Bacardi,4,2021-07-15,189,22.98,0,,,,cat_172500,,,1,3.5,0,,3.5,,,1,cat_480951,Alkoholische Getränke,jonaskrauss,Innen 6
70,1,Cola Bacardi,4,2021-07-16,196,22.98,0,,,,cat_172500,,,1,3.5,0,,3.5,,,1,cat_480951,Alkoholische Getränke,jonaskrauss,Innen 6
71,1,Cola Bacardi,2,2021-07-17,203,34.54,0,,,,cat_172501,,,1,3.5,0,,3.5,,,1,cat_480951,Alkoholische Getränke,jonaskrauss,Außen 6
72,1,Cola Bacardi,2,2021-07-18,209,10.6,0,,,,cat_172500,,,1,3.5,0,,3.5,,,1,cat_480951,Alkoholische Getränke,jonaskrauss,Innen 10
73,1,Cola Bacardi,2,2021-07-20,221,10.6,0,,,,cat_172500,,,1,3.5,0,,3.5,,,1,cat_480951,Alkoholische Getränke,jonaskrauss,Innen 10
74,1,Cola Bacardi,4,2021-07-21,228,22.98,0,,,,cat_172500,,,1,3.5,0,,3.5,,,1,cat_480951,Alkoholische Getränke,jonaskrauss,Innen 6
75,1,Cola Bacardi,4,2021-07-22,235,22.98,0,,,,cat_172500,,,1,3.5,0,,3.5,,,1,cat_480951,Alkoholische Getränke,jonaskrauss,Innen 6
76,1,Cola Bacardi,4,2021-07-23,242,22.98,0,,,,cat_172500,,,1,3.5,0,,3.5,,,1,cat_480951,Alkoholische Getränke,jonaskrauss,Innen 6
77,1,Cola Bacardi,2,2021-07-24,249,34.54,0,,,,cat_172501,,,1,3.5,0,,3.5,,,1,cat_480951,Alkoholische Getränke,jonaskrauss,Außen 6
78,1,Cola Bacardi,2,2021-07-25,255,10.6,0,,,,cat_172500,,,1,3.5,0,,3.5,,,1,cat_480951,Alkoholische Getränke,jonaskrauss,Innen 10
79,1,Cola Bacardi,2,2021-07-26,262,34.54,0,,,,cat_172501,,,1,3.5,0,,3.5,,,1,cat_480951,Alkoholische Getränke,jonaskrauss,Außen 6
80,1,Cola Bacardi,2,2021-07-27,267,10.6,0,,,,cat_172500,,,1,3.5,0,,3.5,,,1,cat_480951,Alkoholische Getränke,jonaskrauss,Innen 10
81,1,Schnitzel,6,2021-06-16,2,23.17,0,,,,cat_172500,,,1,4.5,0,,4.5,,,1,cat_480951,Speisen,jonaskrauss,Innen 6
82,1,Schnitzel,6,2021-06-17,8,23.17,0,,,,cat_172500,,,1,4.5,0,,4.5,,,1,cat_480951,Speisen,jonaskrauss,Innen 6
83,1,Schnitzel,6,2021-06-18,15,23.17,0,,,,cat_172500,,,1,4.5,0,,4.5,,,1,cat_480951,Speisen,jonaskrauss,Innen 6
84,1,Schnitzel,5,2021-06-19,22,16.87,0,,,,cat_172501,,,1,4.5,0,,4.5,,,1,cat_480952,Speisen,jonaskrauss,Innen 10
85,1,Schnitzel,1,2021-06-20,28,24.44,0,,,,cat_172500,,,1,4.5,0,,4.5,,,1,cat_480951,Speisen,jonaskrauss,Innen 1
86,1,Schnitzel,5,2021-06-21,35,16.87,0,,,,cat_172501,,,1,4.5,0,,4.5,,,1,cat_480952,Speisen,jonaskrauss,Innen 10
87,1,Schnitzel,1,2021-06-22,41,24.44,0,,,,cat_172500,,,1,4.5,0,,4.5,,,1,cat_480951,Speisen,jonaskrauss,Innen 1
88,1,Schnitzel,6,2021-06-23,48,23.17,0,,,,cat_172500,,,1,4.5,0,,4.5,,,1,cat_480951,Speisen,jonaskrauss,Innen 6
89,1,Schnitzel,6,2021-06-24,54,23.17,0,,,,cat_172500,,,1,4.5,0,,4.5,,,1,cat_480951,Speisen,jonaskrauss,Innen 6
90,1,Schnitzel,6,2021-06-25,61,23.17,0,,,,cat_172500,,,1,4.5,0,,4.5,,,1,cat_480951,Speisen,jonaskrauss,Innen 6
91,1,Schnitzel,5,2021-06-26,68,16.87,0,,,,cat_172501,,,1,4.5,0,,4.5,,,1,cat_480952,Speisen,jonaskrauss,Innen 10
92,1,Schnitzel,1,2021-06-27,73,24.44,0,,,,cat_172500,,,1,4.5,0,,4.5,,,1,cat_480951,Speisen,jonaskrauss,Innen 1
93,1,Schnitzel,5,2021-06-28,80,16.87,0,,,,cat_172501,,,1,4.5,0,,4.5,,,1,cat_480952,Speisen,jonaskrauss,Innen 10
94,1,Schnitzel,1,2021-06-29,86,24.44,0,,,,cat_172500,,,1,4.5,0,,4.5,,,1,cat_480951,Speisen,jonaskrauss,Innen 1
95,1,Schnitzel,6,2021-06-30,93,23.17,0,,,,cat_172500,,,1,4.5,0,,4.5,,,1,cat_480951,Speisen,jonaskrauss,Innen 6
96,1,Schnitzel,6,2021-07-01,100,23.17,0,,,,cat_172500,,,1,4.5,0,,4.5,,,1,cat_480951,Speisen,jonaskrauss,Innen 6
97,1,Schnitzel,6,2021-07-02,106,23.17,0,,,,cat_172500,,,1,4.5,0,,4.5,,,1,cat_480951,Speisen,jonaskrauss,Innen 6
98,1,Schnitzel,5,2021-07-03,113,16.87,0,,,,cat_172501,,,1,4.5,0,,4.5,,,1,cat_480952,Speisen,jonaskrauss,Innen 10
99,1,Schnitzel,1,2021-07-04,119,24.44,0,,,,cat_172500,,,1,4.5,0,,4.5,,,1,cat_480951,Speisen,jonaskrauss,Innen 1
100,1,Schnitzel,5,2021-07-05,126,16.87,0,,,,cat_172501,,,1,4.5,0,,4.5,,,1,cat_480952,Speisen,jonaskrauss,Innen 10
101,1,Schnitzel,6,2021-07-07,138,23.17,0,,,,cat_172500,,,1,4.5,0,,4.5,,,1,cat_480951,Speisen,jonaskrauss,Innen 6
102,1,Schnitzel,6,2021-07-08,145,23.17,0,,,,cat_172500,,,1,4.5,0,,4.5,,,1,cat_480951,Speisen,jonaskrauss,Innen 6
103,1,Schnitzel,6,2021-07-09,152,23.17,0,,,,cat_172500,,,1,4.5,0,,4.5,,,1,cat_480951,Speisen,jonaskrauss,Innen 6
104,1,Schnitzel,5,2021-07-10,158,16.87,0,,,,cat_172501,,,1,4.5,0,,4.5,,,1,cat_480952,Speisen,jonaskrauss,Innen 10
105,1,Schnitzel,1,2021-07-11,164,24.44,0,,,,cat_172500,,,1,4.5,0,,4.5,,,1,cat_480951,Speisen,jonaskrauss,Innen 1
106,1,Schnitzel,5,2021-07-12,171,16.87,0,,,,cat_172501,,,1,4.5,0,,4.5,,,1,cat_480952,Speisen,jonaskrauss,Innen 10
107,1,Schnitzel,1,2021-07-13,177,24.44,0,,,,cat_172500,,,1,4.5,0,,4.5,,,1,cat_480951,Speisen,jonaskrauss,Innen 1
108,1,Schnitzel,6,2021-07-14,184,23.17,0,,,,cat_172500,,,1,4.5,0,,4.5,,,1,cat_480951,Speisen,jonaskrauss,Innen 6
109,1,Schnitzel,6,2021-07-15,190,23.17,0,,,,cat_172500,,,1,4.5,0,,4.5,,,1,cat_480951,Speisen,jonaskrauss,Innen 6
110,1,Schnitzel,6,2021-07-16,197,23.17,0,,,,cat_172500,,,1,4.5,0,,4.5,,,1,cat_480951,Speisen,jonaskrauss,Innen 6
111,1,Schnitzel,5,2021-07-17,204,16.87,0,,,,cat_172501,,,1,4.5,0,,4.5,,,1,cat_480952,Speisen,jonaskrauss,Innen 10
112,1,Schnitzel,1,2021-07-18,210,24.44,0,,,,cat_172500,,,1,4.5,0,,4.5,,,1,cat_480951,Speisen,jonaskrauss,Innen 1
113,1,Schnitzel,5,2021-07-19,216,16.87,0,,,,cat_172501,,,1,4.5,0,,4.5,,,1,cat_480952,Speisen,jonaskrauss,Innen 10
114,1,Schnitzel,1,2021-07-20,222,24.44,0,,,,cat_172500,,,1,4.5,0,,4.5,,,1,cat_480951,Speisen,jonaskrauss,Innen 1
115,1,Schnitzel,6,2021-07-21,229,23.17,0,,,,cat_172500,,,1,4.5,0,,4.5,,,1,cat_480951,Speisen,jonaskrauss,Innen 6
116,1,Schnitzel,6,2021-07-22,236,23.17,0,,,,cat_172500,,,1,4.5,0,,4.5,,,1,cat_480951,Speisen,jonaskrauss,Innen 6
117,1,Schnitzel,6,2021-07-23,243,23.17,0,,,,cat_172500,,,1,4.5,0,,4.5,,,1,cat_480951,Speisen,jonaskrauss,Innen 6
118,1,Schnitzel,5,2021-07-24,250,16.87,0,,,,cat_172501,,,1,4.5,0,,4.5,,,1,cat_480952,Speisen,jonaskrauss,Innen 10
119,1,Schnitzel,1,2021-07-25,256,24.44,0,,,,cat_172500,,,1,4.5,0,,4.5,,,1,cat_480951,Speisen,jonaskrauss,Innen 1
120,1,Schnitzel,5,2021-07-26,263,16.87,0,,,,cat_172501,,,1,4.5,0,,4.5,,,1,cat_480952,Speisen,jonaskrauss,Innen 10
121,1,Schnitzel,1,2021-07-27,268,24.44,0,,,,cat_172500,,,1,4.5,0,,4.5,,,1,cat_480951,Speisen,jonaskrauss,Innen 1
122,1,Soda Zitrone,14,2021-06-16,3,20.84,0,,,,cat_172500,,,1,1.5,0,,1.5,,,1,cat_480951,Alkoholfreie Getränke,jonaskrauss,Innen 10
123,1,Soda Zitrone,14,2021-06-17,9,20.84,0,,,,cat_172500,,,1,1.5,0,,1.5,,,1,cat_480951,Alkoholfreie Getränke,jonaskrauss,Innen 10
124,1,Soda Zitrone,14,2021-06-18,16,20.84,0,,,,cat_172500,,,1,1.5,0,,1.5,,,1,cat_480951,Alkoholfreie Getränke,jonaskrauss,Innen 10
125,1,Soda Zitrone,4,2021-06-19,23,22.58,0,,,,cat_172500,,,1,1.5,0,,1.5,,,1,cat_480951,Alkoholfreie Getränke,jonaskrauss,Außen 6
126,1,Soda Zitrone,2,2021-06-20,29,19.97,0,,,,cat_172500,,,1,1.5,0,,1.5,,,1,cat_480951,Alkoholfreie Getränke,jonaskrauss,Innen 1
127,1,Soda Zitrone,4,2021-06-21,36,22.58,0,,,,cat_172500,,,1,1.5,0,,1.5,,,1,cat_480951,Alkoholfreie Getränke,jonaskrauss,Außen 6
128,1,Soda Zitrone,2,2021-06-22,42,19.97,0,,,,cat_172500,,,1,1.5,0,,1.5,,,1,cat_480951,Alkoholfreie Getränke,jonaskrauss,Innen 1
129,1,Soda Zitrone,14,2021-06-23,49,20.84,0,,,,cat_172500,,,1,1.5,0,,1.5,,,1,cat_480951,Alkoholfreie Getränke,jonaskrauss,Innen 10
130,1,Soda Zitrone,14,2021-06-24,55,20.84,0,,,,cat_172500,,,1,1.5,0,,1.5,,,1,cat_480951,Alkoholfreie Getränke,jonaskrauss,Innen 10
131,1,Soda Zitrone,14,2021-06-25,62,20.84,0,,,,cat_172500,,,1,1.5,0,,1.5,,,1,cat_480951,Alkoholfreie Getränke,jonaskrauss,Innen 10
132,1,Soda Zitrone,2,2021-06-27,74,19.97,0,,,,cat_172500,,,1,1.5,0,,1.5,,,1,cat_480951,Alkoholfreie Getränke,jonaskrauss,Innen 1
133,1,Soda Zitrone,4,2021-06-28,81,22.58,0,,,,cat_172500,,,1,1.5,0,,1.5,,,1,cat_480951,Alkoholfreie Getränke,jonaskrauss,Außen 6
134,1,Soda Zitrone,2,2021-06-29,87,19.97,0,,,,cat_172500,,,1,1.5,0,,1.5,,,1,cat_480951,Alkoholfreie Getränke,jonaskrauss,Innen 1
135,1,Soda Zitrone,14,2021-06-30,94,20.84,0,,,,cat_172500,,,1,1.5,0,,1.5,,,1,cat_480951,Alkoholfreie Getränke,jonaskrauss,Innen 10
136,1,Soda Zitrone,14,2021-07-01,101,20.84,0,,,,cat_172500,,,1,1.5,0,,1.5,,,1,cat_480951,Alkoholfreie Getränke,jonaskrauss,Innen 10
137,1,Soda Zitrone,14,2021-07-02,107,20.84,0,,,,cat_172500,,,1,1.5,0,,1.5,,,1,cat_480951,Alkoholfreie Getränke,jonaskrauss,Innen 10
138,1,Soda Zitrone,4,2021-07-03,114,22.58,0,,,,cat_172500,,,1,1.5,0,,1.5,,,1,cat_480951,Alkoholfreie Getränke,jonaskrauss,Außen 6
139,1,Soda Zitrone,2,2021-07-04,120,19.97,0,,,,cat_172500,,,1,1.5,0,,1.5,,,1,cat_480951,Alkoholfreie Getränke,jonaskrauss,Innen 1
140,1,Soda Zitrone,4,2021-07-05,127,22.58,0,,,,cat_172500,,,1,1.5,0,,1.5,,,1,cat_480951,Alkoholfreie Getränke,jonaskrauss,Außen 6
141,1,Soda Zitrone,2,2021-07-06,132,19.97,0,,,,cat_172500,,,1,1.5,0,,1.5,,,1,cat_480951,Alkoholfreie Getränke,jonaskrauss,Innen 1
142,1,Soda Zitrone,14,2021-07-07,139,20.84,0,,,,cat_172500,,,1,1.5,0,,1.5,,,1,cat_480951,Alkoholfreie Getränke,jonaskrauss,Innen 10
143,1,Soda Zitrone,14,2021-07-08,146,20.84,0,,,,cat_172500,,,1,1.5,0,,1.5,,,1,cat_480951,Alkoholfreie Getränke,jonaskrauss,Innen 10
144,1,Soda Zitrone,14,2021-07-09,153,20.84,0,,,,cat_172500,,,1,1.5,0,,1.5,,,1,cat_480951,Alkoholfreie Getränke,jonaskrauss,Innen 10
145,1,Soda Zitrone,4,2021-07-10,159,22.58,0,,,,cat_172500,,,1,1.5,0,,1.5,,,1,cat_480951,Alkoholfreie Getränke,jonaskrauss,Außen 6
146,1,Soda Zitrone,2,2021-07-11,165,19.97,0,,,,cat_172500,,,1,1.5,0,,1.5,,,1,cat_480951,Alkoholfreie Getränke,jonaskrauss,Innen 1
147,1,Soda Zitrone,4,2021-07-12,172,22.58,0,,,,cat_172500,,,1,1.5,0,,1.5,,,1,cat_480951,Alkoholfreie Getränke,jonaskrauss,Außen 6
148,1,Soda Zitrone,2,2021-07-13,178,19.97,0,,,,cat_172500,,,1,1.5,0,,1.5,,,1,cat_480951,Alkoholfreie Getränke,jonaskrauss,Innen 1
149,1,Soda Zitrone,14,2021-07-14,185,20.84,0,,,,cat_172500,,,1,1.5,0,,1.5,,,1,cat_480951,Alkoholfreie Getränke,jonaskrauss,Innen 10
150,1,Soda Zitrone,14,2021-07-15,191,20.84,0,,,,cat_172500,,,1,1.5,0,,1.5,,,1,cat_480951,Alkoholfreie Getränke,jonaskrauss,Innen 10
151,1,Soda Zitrone,14,2021-07-16,198,20.84,0,,,,cat_172500,,,1,1.5,0,,1.5,,,1,cat_480951,Alkoholfreie Getränke,jonaskrauss,Innen 10
152,1,Soda Zitrone,4,2021-07-17,205,22.58,0,,,,cat_172500,,,1,1.5,0,,1.5,,,1,cat_480951,Alkoholfreie Getränke,jonaskrauss,Außen 6
153,1,Soda Zitrone,2,2021-07-18,211,19.97,0,,,,cat_172500,,,1,1.5,0,,1.5,,,1,cat_480951,Alkoholfreie Getränke,jonaskrauss,Innen 1
154,1,Soda Zitrone,4,2021-07-19,217,22.58,0,,,,cat_172500,,,1,1.5,0,,1.5,,,1,cat_480951,Alkoholfreie Getränke,jonaskrauss,Außen 6
155,1,Soda Zitrone,2,2021-07-20,223,19.97,0,,,,cat_172500,,,1,1.5,0,,1.5,,,1,cat_480951,Alkoholfreie Getränke,jonaskrauss,Innen 1
156,1,Soda Zitrone,14,2021-07-21,230,20.84,0,,,,cat_172500,,,1,1.5,0,,1.5,,,1,cat_480951,Alkoholfreie Getränke,jonaskrauss,Innen 10
157,1,Soda Zitrone,14,2021-07-22,237,20.84,0,,,,cat_172500,,,1,1.5,0,,1.5,,,1,cat_480951,Alkoholfreie Getränke,jonaskrauss,Innen 10
158,1,Soda Zitrone,14,2021-07-23,244,20.84,0,,,,cat_172500,,,1,1.5,0,,1.5,,,1,cat_480951,Alkoholfreie Getränke,jonaskrauss,Innen 10
159,1,Soda Zitrone,4,2021-07-24,251,22.58,0,,,,cat_172500,,,1,1.5,0,,1.5,,,1,cat_480951,Alkoholfreie Getränke,jonaskrauss,Außen 6
160,1,Soda Zitrone,2,2021-07-25,257,19.97,0,,,,cat_172500,,,1,1.5,0,,1.5,,,1,cat_480951,Alkoholfreie Getränke,jonaskrauss,Innen 1
161,1,Soda Zitrone,4,2021-07-26,264,22.58,0,,,,cat_172500,,,1,1.5,0,,1.5,,,1,cat_480951,Alkoholfreie Getränke,jonaskrauss,Außen 6
162,1,Soda Zitrone,2,2021-07-27,269,19.97,0,,,,cat_172500,,,1,1.5,0,,1.5,,,1,cat_480951,Alkoholfreie Getränke,jonaskrauss,Innen 1
163,1,Spaghetti,7,2021-06-16,4,19.73,0,,,,cat_172500,,,1,5.2,0,,5.2,,,1,cat_480951,Speisen,jonaskrauss,Innen 10
164,1,Spaghetti,7,2021-06-17,10,19.73,0,,,,cat_172500,,,1,5.2,0,,5.2,,,1,cat_480951,Speisen,jonaskrauss,Innen 10
165,1,Spaghetti,7,2021-06-18,17,19.73,0,,,,cat_172500,,,1,5.2,0,,5.2,,,1,cat_480951,Speisen,jonaskrauss,Innen 10
166,1,Spaghetti,1,2021-06-19,24,34.54,0,,,,cat_172501,,,1,5.2,0,,5.2,,,1,cat_480951,Speisen,jonaskrauss,Außen 6
167,1,Spaghetti,2,2021-06-20,30,15.5,0,,,,cat_172500,,,1,5.2,0,,5.2,,,1,cat_480951,Speisen,jonaskrauss,Innen 5
168,1,Spaghetti,1,2021-06-21,37,34.54,0,,,,cat_172501,,,1,5.2,0,,5.2,,,1,cat_480951,Speisen,jonaskrauss,Außen 6
169,1,Spaghetti,2,2021-06-22,43,15.5,0,,,,cat_172500,,,1,5.2,0,,5.2,,,1,cat_480951,Speisen,jonaskrauss,Innen 5
170,1,Spaghetti,7,2021-06-24,56,19.73,0,,,,cat_172500,,,1,5.2,0,,5.2,,,1,cat_480951,Speisen,jonaskrauss,Innen 10
171,1,Spaghetti,7,2021-06-25,63,19.73,0,,,,cat_172500,,,1,5.2,0,,5.2,,,1,cat_480951,Speisen,jonaskrauss,Innen 10
172,1,Spaghetti,1,2021-06-26,69,34.54,0,,,,cat_172501,,,1,5.2,0,,5.2,,,1,cat_480951,Speisen,jonaskrauss,Außen 6
173,1,Spaghetti,2,2021-06-27,75,15.5,0,,,,cat_172500,,,1,5.2,0,,5.2,,,1,cat_480951,Speisen,jonaskrauss,Innen 5
174,1,Spaghetti,1,2021-06-28,82,34.54,0,,,,cat_172501,,,1,5.2,0,,5.2,,,1,cat_480951,Speisen,jonaskrauss,Außen 6
175,1,Spaghetti,2,2021-06-29,88,15.5,0,,,,cat_172500,,,1,5.2,0,,5.2,,,1,cat_480951,Speisen,jonaskrauss,Innen 5
176,1,Spaghetti,7,2021-06-30,95,19.73,0,,,,cat_172500,,,1,5.2,0,,5.2,,,1,cat_480951,Speisen,jonaskrauss,Innen 10
177,1,Spaghetti,7,2021-07-01,102,19.73,0,,,,cat_172500,,,1,5.2,0,,5.2,,,1,cat_480951,Speisen,jonaskrauss,Innen 10
178,1,Spaghetti,7,2021-07-02,108,19.73,0,,,,cat_172500,,,1,5.2,0,,5.2,,,1,cat_480951,Speisen,jonaskrauss,Innen 10
179,1,Spaghetti,1,2021-07-03,115,34.54,0,,,,cat_172501,,,1,5.2,0,,5.2,,,1,cat_480951,Speisen,jonaskrauss,Außen 6
180,1,Spaghetti,2,2021-07-04,121,15.5,0,,,,cat_172500,,,1,5.2,0,,5.2,,,1,cat_480951,Speisen,jonaskrauss,Innen 5
181,1,Spaghetti,1,2021-07-05,128,34.54,0,,,,cat_172501,,,1,5.2,0,,5.2,,,1,cat_480951,Speisen,jonaskrauss,Außen 6
182,1,Spaghetti,2,2021-07-06,133,15.5,0,,,,cat_172500,,,1,5.2,0,,5.2,,,1,cat_480951,Speisen,jonaskrauss,Innen 5
183,1,Spaghetti,7,2021-07-07,140,19.73,0,,,,cat_172500,,,1,5.2,0,,5.2,,,1,cat_480951,Speisen,jonaskrauss,Innen 10
184,1,Spaghetti,7,2021-07-08,147,19.73,0,,,,cat_172500,,,1,5.2,0,,5.2,,,1,cat_480951,Speisen,jonaskrauss,Innen 10
185,1,Spaghetti,7,2021-07-09,154,19.73,0,,,,cat_172500,,,1,5.2,0,,5.2,,,1,cat_480951,Speisen,jonaskrauss,Innen 10
186,1,Spaghetti,1,2021-07-10,160,34.54,0,,,,cat_172501,,,1,5.2,0,,5.2,,,1,cat_480951,Speisen,jonaskrauss,Außen 6
187,1,Spaghetti,2,2021-07-11,166,15.5,0,,,,cat_172500,,,1,5.2,0,,5.2,,,1,cat_480951,Speisen,jonaskrauss,Innen 5
188,1,Spaghetti,1,2021-07-12,173,34.54,0,,,,cat_172501,,,1,5.2,0,,5.2,,,1,cat_480951,Speisen,jonaskrauss,Außen 6
189,1,Spaghetti,2,2021-07-13,179,15.5,0,,,,cat_172500,,,1,5.2,0,,5.2,,,1,cat_480951,Speisen,jonaskrauss,Innen 5
190,1,Spaghetti,7,2021-07-14,186,19.73,0,,,,cat_172500,,,1,5.2,0,,5.2,,,1,cat_480951,Speisen,jonaskrauss,Innen 10
191,1,Spaghetti,7,2021-07-15,192,19.73,0,,,,cat_172500,,,1,5.2,0,,5.2,,,1,cat_480951,Speisen,jonaskrauss,Innen 10
192,1,Spaghetti,7,2021-07-16,199,19.73,0,,,,cat_172500,,,1,5.2,0,,5.2,,,1,cat_480951,Speisen,jonaskrauss,Innen 10
193,1,Spaghetti,1,2021-07-17,206,34.54,0,,,,cat_172501,,,1,5.2,0,,5.2,,,1,cat_480951,Speisen,jonaskrauss,Außen 6
194,1,Spaghetti,2,2021-07-18,212,15.5,0,,,,cat_172500,,,1,5.2,0,,5.2,,,1,cat_480951,Speisen,jonaskrauss,Innen 5
195,1,Spaghetti,1,2021-07-19,218,34.54,0,,,,cat_172501,,,1,5.2,0,,5.2,,,1,cat_480951,Speisen,jonaskrauss,Außen 6
196,1,Spaghetti,2,2021-07-20,224,15.5,0,,,,cat_172500,,,1,5.2,0,,5.2,,,1,cat_480951,Speisen,jonaskrauss,Innen 5
197,1,Spaghetti,7,2021-07-21,231,19.73,0,,,,cat_172500,,,1,5.2,0,,5.2,,,1,cat_480951,Speisen,jonaskrauss,Innen 10
198,1,Spaghetti,7,2021-07-22,238,19.73,0,,,,cat_172500,,,1,5.2,0,,5.2,,,1,cat_480951,Speisen,jonaskrauss,Innen 10
199,1,Spaghetti,7,2021-07-23,245,19.73,0,,,,cat_172500,,,1,5.2,0,,5.2,,,1,cat_480951,Speisen,jonaskrauss,Innen 10
200,1,Spaghetti,1,2021-07-24,252,34.54,0,,,,cat_172501,,,1,5.2,0,,5.2,,,1,cat_480951,Speisen,jonaskrauss,Außen 6
201,1,Spaghetti,2,2021-07-25,258,15.5,0,,,,cat_172500,,,1,5.2,0,,5.2,,,1,cat_480951,Speisen,jonaskrauss,Innen 5
202,1,Spaghetti,2,2021-07-27,270,15.5,0,,,,cat_172500,,,1,5.2,0,,5.2,,,1,cat_480951,Speisen,jonaskrauss,Innen 5
203,1,"Spritzer 0,25l",2,2021-06-16,5,21.83,0,,,,cat_172500,,,1,1.8,0,,1.8,,,1,cat_480951,Alkoholische Getränke,jonaskrauss,Innen 7
204,1,"Spritzer 0,25l",2,2021-06-17,11,21.83,0,,,,cat_172500,,,1,1.8,0,,1.8,,,1,cat_480951,Alkoholische Getränke,jonaskrauss,Innen 7
205,1,"Spritzer 0,25l",2,2021-06-18,18,21.83,0,,,,cat_172500,,,1,1.8,0,,1.8,,,1,cat_480951,Alkoholische Getränke,jonaskrauss,Innen 7
206,1,"Spritzer 0,25l",3,2021-06-20,31,15.21,0,,,,cat_172500,,,1,1.8,0,,1.8,,,1,cat_480951,Alkoholische Getränke,jonaskrauss,Innen 10
207,1,"Spritzer 0,25l",3,2021-06-22,44,15.21,0,,,,cat_172500,,,1,1.8,0,,1.8,,,1,cat_480951,Alkoholische Getränke,jonaskrauss,Innen 10
208,1,"Spritzer 0,25l",2,2021-06-23,50,21.83,0,,,,cat_172500,,,1,1.8,0,,1.8,,,1,cat_480951,Alkoholische Getränke,jonaskrauss,Innen 7
209,1,"Spritzer 0,25l",2,2021-06-24,57,21.83,0,,,,cat_172500,,,1,1.8,0,,1.8,,,1,cat_480951,Alkoholische Getränke,jonaskrauss,Innen 7
210,1,"Spritzer 0,25l",2,2021-06-25,64,21.83,0,,,,cat_172500,,,1,1.8,0,,1.8,,,1,cat_480951,Alkoholische Getränke,jonaskrauss,Innen 7
211,1,"Spritzer 0,25l",3,2021-06-27,76,15.21,0,,,,cat_172500,,,1,1.8,0,,1.8,,,1,cat_480951,Alkoholische Getränke,jonaskrauss,Innen 10
212,1,"Spritzer 0,25l",3,2021-06-29,89,15.21,0,,,,cat_172500,,,1,1.8,0,,1.8,,,1,cat_480951,Alkoholische Getränke,jonaskrauss,Innen 10
213,1,"Spritzer 0,25l",2,2021-06-30,96,21.83,0,,,,cat_172500,,,1,1.8,0,,1.8,,,1,cat_480951,Alkoholische Getränke,jonaskrauss,Innen 7
214,1,"Spritzer 0,25l",2,2021-07-01,103,21.83,0,,,,cat_172500,,,1,1.8,0,,1.8,,,1,cat_480951,Alkoholische Getränke,jonaskrauss,Innen 7
215,1,"Spritzer 0,25l",2,2021-07-02,109,21.83,0,,,,cat_172500,,,1,1.8,0,,1.8,,,1,cat_480951,Alkoholische Getränke,jonaskrauss,Innen 7
216,1,"Spritzer 0,25l",3,2021-07-04,122,15.21,0,,,,cat_172500,,,1,1.8,0,,1.8,,,1,cat_480951,Alkoholische Getränke,jonaskrauss,Innen 10
217,1,"Spritzer 0,25l",3,2021-07-06,134,15.21,0,,,,cat_172500,,,1,1.8,0,,1.8,,,1,cat_480951,Alkoholische Getränke,jonaskrauss,Innen 10
218,1,"Spritzer 0,25l",2,2021-07-07,141,21.83,0,,,,cat_172500,,,1,1.8,0,,1.8,,,1,cat_480951,Alkoholische Getränke,jonaskrauss,Innen 7
219,1,"Spritzer 0,25l",2,2021-07-08,148,21.83,0,,,,cat_172500,,,1,1.8,0,,1.8,,,1,cat_480951,Alkoholische Getränke,jonaskrauss,Innen 7
220,1,"Spritzer 0,25l",2,2021-07-09,155,21.83,0,,,,cat_172500,,,1,1.8,0,,1.8,,,1,cat_480951,Alkoholische Getränke,jonaskrauss,Innen 7
221,1,"Spritzer 0,25l",3,2021-07-11,167,15.21,0,,,,cat_172500,,,1,1.8,0,,1.8,,,1,cat_480951,Alkoholische Getränke,jonaskrauss,Innen 10
222,1,"Spritzer 0,25l",3,2021-07-13,180,15.21,0,,,,cat_172500,,,1,1.8,0,,1.8,,,1,cat_480951,Alkoholische Getränke,jonaskrauss,Innen 10
223,1,"Spritzer 0,25l",2,2021-07-15,193,21.83,0,,,,cat_172500,,,1,1.8,0,,1.8,,,1,cat_480951,Alkoholische Getränke,jonaskrauss,Innen 7
224,1,"Spritzer 0,25l",2,2021-07-16,200,21.83,0,,,,cat_172500,,,1,1.8,0,,1.8,,,1,cat_480951,Alkoholische Getränke,jonaskrauss,Innen 7
225,1,"Spritzer 0,25l",3,2021-07-18,213,15.21,0,,,,cat_172500,,,1,1.8,0,,1.8,,,1,cat_480951,Alkoholische Getränke,jonaskrauss,Innen 10
226,1,"Spritzer 0,25l",3,2021-07-20,225,15.21,0,,,,cat_172500,,,1,1.8,0,,1.8,,,1,cat_480951,Alkoholische Getränke,jonaskrauss,Innen 10
227,1,"Spritzer 0,25l",2,2021-07-21,232,21.83,0,,,,cat_172500,,,1,1.8,0,,1.8,,,1,cat_480951,Alkoholische Getränke,jonaskrauss,Innen 7
228,1,"Spritzer 0,25l",2,2021-07-22,239,21.83,0,,,,cat_172500,,,1,1.8,0,,1.8,,,1,cat_480951,Alkoholische Getränke,jonaskrauss,Innen 7
229,1,"Spritzer 0,25l",2,2021-07-23,246,21.83,0,,,,cat_172500,,,1,1.8,0,,1.8,,,1,cat_480951,Alkoholische Getränke,jonaskrauss,Innen 7
230,1,"Spritzer 0,25l",3,2021-07-25,259,15.21,0,,,,cat_172500,,,1,1.8,0,,1.8,,,1,cat_480951,Alkoholische Getränke,jonaskrauss,Innen 10
231,1,"Spritzer 0,25l",3,2021-07-27,271,15.21,0,,,,cat_172500,,,1,1.8,0,,1.8,,,1,cat_480951,Alkoholische Getränke,jonaskrauss,Innen 10
232,1,Worschtsalat,8,2021-06-16,6,20.48,0,,,,cat_172500,,,1,7.42,0,,7.42,,,1,cat_480951,Speisen,jonaskrauss,Innen 5
233,1,Worschtsalat,8,2021-06-17,12,20.48,0,,,,cat_172500,,,1,7.42,0,,7.42,,,1,cat_480951,Speisen,jonaskrauss,Innen 5
234,1,Worschtsalat,8,2021-06-18,19,20.48,0,,,,cat_172500,,,1,7.42,0,,7.42,,,1,cat_480951,Speisen,jonaskrauss,Innen 5
235,1,Worschtsalat,3,2021-06-19,25,26.0,0,,,,cat_172501,,,1,7.42,0,,7.42,,,1,cat_480951,Speisen,jonaskrauss,Außen 6
236,1,Worschtsalat,2,2021-06-20,32,24.44,0,,,,cat_172500,,,1,7.42,0,,7.42,,,1,cat_480951,Speisen,jonaskrauss,Innen 1
237,1,Worschtsalat,3,2021-06-21,38,26.0,0,,,,cat_172501,,,1,7.42,0,,7.42,,,1,cat_480951,Speisen,jonaskrauss,Außen 6
238,1,Worschtsalat,2,2021-06-22,45,24.44,0,,,,cat_172500,,,1,7.42,0,,7.42,,,1,cat_480951,Speisen,jonaskrauss,Innen 1
239,1,Worschtsalat,8,2021-06-23,51,20.48,0,,,,cat_172500,,,1,7.42,0,,7.42,,,1,cat_480951,Speisen,jonaskrauss,Innen 5
240,1,Worschtsalat,8,2021-06-24,58,20.48,0,,,,cat_172500,,,1,7.42,0,,7.42,,,1,cat_480951,Speisen,jonaskrauss,Innen 5
241,1,Worschtsalat,8,2021-06-25,65,20.48,0,,,,cat_172500,,,1,7.42,0,,7.42,,,1,cat_480951,Speisen,jonaskrauss,Innen 5
242,1,Worschtsalat,3,2021-06-26,70,26.0,0,,,,cat_172501,,,1,7.42,0,,7.42,,,1,cat_480951,Speisen,jonaskrauss,Außen 6
243,1,Worschtsalat,2,2021-06-27,77,24.44,0,,,,cat_172500,,,1,7.42,0,,7.42,,,1,cat_480951,Speisen,jonaskrauss,Innen 1
244,1,Worschtsalat,3,2021-06-28,83,26.0,0,,,,cat_172501,,,1,7.42,0,,7.42,,,1,cat_480951,Speisen,jonaskrauss,Außen 6
245,1,Worschtsalat,2,2021-06-29,90,24.44,0,,,,cat_172500,,,1,7.42,0,,7.42,,,1,cat_480951,Speisen,jonaskrauss,Innen 1
246,1,Worschtsalat,8,2021-06-30,97,20.48,0,,,,cat_172500,,,1,7.42,0,,7.42,,,1,cat_480951,Speisen,jonaskrauss,Innen 5
247,1,Worschtsalat,8,2021-07-02,110,20.48,0,,,,cat_172500,,,1,7.42,0,,7.42,,,1,cat_480951,Speisen,jonaskrauss,Innen 5
248,1,Worschtsalat,3,2021-07-03,116,26.0,0,,,,cat_172501,,,1,7.42,0,,7.42,,,1,cat_480951,Speisen,jonaskrauss,Außen 6
249,1,Worschtsalat,2,2021-07-04,123,24.44,0,,,,cat_172500,,,1,7.42,0,,7.42,,,1,cat_480951,Speisen,jonaskrauss,Innen 1
250,1,Worschtsalat,3,2021-07-05,129,26.0,0,,,,cat_172501,,,1,7.42,0,,7.42,,,1,cat_480951,Speisen,jonaskrauss,Außen 6
251,1,Worschtsalat,2,2021-07-06,135,24.44,0,,,,cat_172500,,,1,7.42,0,,7.42,,,1,cat_480951,Speisen,jonaskrauss,Innen 1
252,1,Worschtsalat,8,2021-07-07,142,20.48,0,,,,cat_172500,,,1,7.42,0,,7.42,,,1,cat_480951,Speisen,jonaskrauss,Innen 5
253,1,Worschtsalat,8,2021-07-08,149,20.48,0,,,,cat_172500,,,1,7.42,0,,7.42,,,1,cat_480951,Speisen,jonaskrauss,Innen 5
254,1,Worschtsalat,8,2021-07-09,156,20.48,0,,,,cat_172500,,,1,7.42,0,,7.42,,,1,cat_480951,Speisen,jonaskrauss,Innen 5
255,1,Worschtsalat,3,2021-07-10,161,26.0,0,,,,cat_172501,,,1,7.42,0,,7.42,,,1,cat_480951,Speisen,jonaskrauss,Außen 6
256,1,Worschtsalat,2,2021-07-11,168,24.44,0,,,,cat_172500,,,1,7.42,0,,7.42,,,1,cat_480951,Speisen,jonaskrauss,Innen 1
257,1,Worschtsalat,3,2021-07-12,174,26.0,0,,,,cat_172501,,,1,7.42,0,,7.42,,,1,cat_480951,Speisen,jonaskrauss,Außen 6
258,1,Worschtsalat,2,2021-07-13,181,24.44,0,,,,cat_172500,,,1,7.42,0,,7.42,,,1,cat_480951,Speisen,jonaskrauss,Innen 1
259,1,Worschtsalat,8,2021-07-14,187,20.48,0,,,,cat_172500,,,1,7.42,0,,7.42,,,1,cat_480951,Speisen,jonaskrauss,Innen 5
260,1,Worschtsalat,8,2021-07-15,194,20.48,0,,,,cat_172500,,,1,7.42,0,,7.42,,,1,cat_480951,Speisen,jonaskrauss,Innen 5
261,1,Worschtsalat,8,2021-07-16,201,20.48,0,,,,cat_172500,,,1,7.42,0,,7.42,,,1,cat_480951,Speisen,jonaskrauss,Innen 5
262,1,Worschtsalat,3,2021-07-17,207,26.0,0,,,,cat_172501,,,1,7.42,0,,7.42,,,1,cat_480951,Speisen,jonaskrauss,Außen 6
263,1,Worschtsalat,2,2021-07-18,214,24.44,0,,,,cat_172500,,,1,7.42,0,,7.42,,,1,cat_480951,Speisen,jonaskrauss,Innen 1
264,1,Worschtsalat,3,2021-07-19,219,26.0,0,,,,cat_172501,,,1,7.42,0,,7.42,,,1,cat_480951,Speisen,jonaskrauss,Außen 6
265,1,Worschtsalat,2,2021-07-20,226,24.44,0,,,,cat_172500,,,1,7.42,0,,7.42,,,1,cat_480951,Speisen,jonaskrauss,Innen 1
266,1,Worschtsalat,8,2021-07-21,233,20.48,0,,,,cat_172500,,,1,7.42,0,,7.42,,,1,cat_480951,Speisen,jonaskrauss,Innen 5
267,1,Worschtsalat,8,2021-07-22,240,20.48,0,,,,cat_172500,,,1,7.42,0,,7.42,,,1,cat_480951,Speisen,jonaskrauss,Innen 5
268,1,Worschtsalat,8,2021-07-23,247,20.48,0,,,,cat_172500,,,1,7.42,0,,7.42,,,1,cat_480951,Speisen,jonaskrauss,Innen 5
269,1,Worschtsalat,3,2021-07-24,253,26.0,0,,,,cat_172501,,,1,7.42,0,,7.42,,,1,cat_480951,Speisen,jonaskrauss,Außen 6
270,1,Worschtsalat,2,2021-07-25,260,24.44,0,,,,cat_172500,,,1,7.42,0,,7.42,,,1,cat_480951,Speisen,jonaskrauss,Innen 1
271,1,Worschtsalat,3,2021-07-26,265,26.0,0,,,,cat_172501,,,1,7.42,0,,7.42,,,1,cat_480951,Speisen,jonaskrauss,Außen 6
272,1,Worschtsalat,2,2021-07-27,272,24.44,0,,,,cat_172500,,,1,7.42,0,,7.42,,,1,cat_480951,Speisen,jonaskrauss,Innen 1
0,1,Cola,,2021-07-28,254,16.486666666666668,0,,,,cat_172500,,,1,1.8,0,,1.8,,,1,cat_480951,Alkoholfreie Getränke,jonaskrauss,Innen 5
1,1,Cola Bacardi,,2021-07-28,255,18.580000000000002,0,,,,cat_172500,,,1,3.5,0,,3.5,,,1,cat_480951,Alkoholische Getränke,jonaskrauss,Innen 10
2,1,Schnitzel,,2021-07-28,256,21.916666666666668,0,,,,cat_172500,,,1,4.5,0,,4.5,,,1,cat_480951,Speisen,jonaskrauss,Innen 1
3,1,Soda Zitrone,,2021-07-28,257,20.84,0,,,,cat_172500,,,1,1.5,0,,1.5,,,1,cat_480951,Alkoholfreie Getränke,jonaskrauss,Innen 1
4,1,Spaghetti,,2021-07-28,252,21.846666666666664,0,,,,cat_172500,,,1,5.2,0,,5.2,,,1,cat_480951,Speisen,jonaskrauss,Innen 5
5,1,"Spritzer 0,25l",,2021-07-28,246,17.416666666666668,0,,,,cat_172500,,,1,1.8,0,,1.8,,,1,cat_480951,Alkoholische Getränke,jonaskrauss,Innen 10
6,1,Worschtsalat,,2021-07-28,260,24.959999999999997,0,,,,cat_172500,,,1,7.419999999999999,0,,7.419999999999999,,,1,cat_480951,Speisen,jonaskrauss,Innen 1
7,1,Cola,,2021-07-29,254,16.486666666666668,0,,,,cat_172500,,,1,1.8,0,,1.8,,,1,cat_480951,Alkoholfreie Getränke,jonaskrauss,Innen 5
8,1,Cola Bacardi,,2021-07-29,255,18.580000000000002,0,,,,cat_172500,,,1,3.5,0,,3.5,,,1,cat_480951,Alkoholische Getränke,jonaskrauss,Innen 10
9,1,Schnitzel,,2021-07-29,256,21.916666666666668,0,,,,cat_172500,,,1,4.5,0,,4.5,,,1,cat_480951,Speisen,jonaskrauss,Innen 1
10,1,Soda Zitrone,,2021-07-29,257,20.84,0,,,,cat_172500,,,1,1.5,0,,1.5,,,1,cat_480951,Alkoholfreie Getränke,jonaskrauss,Innen 1
11,1,Spaghetti,,2021-07-29,252,21.846666666666664,0,,,,cat_172500,,,1,5.2,0,,5.2,,,1,cat_480951,Speisen,jonaskrauss,Innen 5
12,1,"Spritzer 0,25l",,2021-07-29,246,17.416666666666668,0,,,,cat_172500,,,1,1.8,0,,1.8,,,1,cat_480951,Alkoholische Getränke,jonaskrauss,Innen 10
13,1,Worschtsalat,,2021-07-29,260,24.959999999999997,0,,,,cat_172500,,,1,7.419999999999999,0,,7.419999999999999,,,1,cat_480951,Speisen,jonaskrauss,Innen 1
14,1,Cola,,2021-07-30,254,16.486666666666668,0,,,,cat_172500,,,1,1.8,0,,1.8,,,1,cat_480951,Alkoholfreie Getränke,jonaskrauss,Innen 5
15,1,Cola Bacardi,,2021-07-30,255,18.580000000000002,0,,,,cat_172500,,,1,3.5,0,,3.5,,,1,cat_480951,Alkoholische Getränke,jonaskrauss,Innen 10
16,1,Schnitzel,,2021-07-30,256,21.916666666666668,0,,,,cat_172500,,,1,4.5,0,,4.5,,,1,cat_480951,Speisen,jonaskrauss,Innen 1
17,1,Soda Zitrone,,2021-07-30,257,20.84,0,,,,cat_172500,,,1,1.5,0,,1.5,,,1,cat_480951,Alkoholfreie Getränke,jonaskrauss,Innen 1
18,1,Spaghetti,,2021-07-30,252,21.846666666666664,0,,,,cat_172500,,,1,5.2,0,,5.2,,,1,cat_480951,Speisen,jonaskrauss,Innen 5
19,1,"Spritzer 0,25l",,2021-07-30,246,17.416666666666668,0,,,,cat_172500,,,1,1.8,0,,1.8,,,1,cat_480951,Alkoholische Getränke,jonaskrauss,Innen 10
20,1,Worschtsalat,,2021-07-30,260,24.959999999999997,0,,,,cat_172500,,,1,7.419999999999999,0,,7.419999999999999,,,1,cat_480951,Speisen,jonaskrauss,Innen 1
21,1,Cola,,2021-07-31,254,16.486666666666668,0,,,,cat_172500,,,1,1.8,0,,1.8,,,1,cat_480951,Alkoholfreie Getränke,jonaskrauss,Innen 5
22,1,Cola Bacardi,,2021-07-31,255,18.580000000000002,0,,,,cat_172500,,,1,3.5,0,,3.5,,,1,cat_480951,Alkoholische Getränke,jonaskrauss,Innen 10
23,1,Schnitzel,,2021-07-31,256,21.916666666666668,0,,,,cat_172500,,,1,4.5,0,,4.5,,,1,cat_480951,Speisen,jonaskrauss,Innen 1
24,1,Soda Zitrone,,2021-07-31,257,20.84,0,,,,cat_172500,,,1,1.5,0,,1.5,,,1,cat_480951,Alkoholfreie Getränke,jonaskrauss,Innen 1
25,1,Spaghetti,,2021-07-31,252,21.846666666666664,0,,,,cat_172500,,,1,5.2,0,,5.2,,,1,cat_480951,Speisen,jonaskrauss,Innen 5
26,1,"Spritzer 0,25l",,2021-07-31,246,17.416666666666668,0,,,,cat_172500,,,1,1.8,0,,1.8,,,1,cat_480951,Alkoholische Getränke,jonaskrauss,Innen 10
27,1,Worschtsalat,,2021-07-31,260,24.959999999999997,0,,,,cat_172500,,,1,7.419999999999999,0,,7.419999999999999,,,1,cat_480951,Speisen,jonaskrauss,Innen 1
28,1,Cola,,2021-08-01,254,16.486666666666668,0,,,,cat_172500,,,1,1.8,0,,1.8,,,1,cat_480951,Alkoholfreie Getränke,jonaskrauss,Innen 5
29,1,Cola Bacardi,,2021-08-01,255,18.580000000000002,0,,,,cat_172500,,,1,3.5,0,,3.5,,,1,cat_480951,Alkoholische Getränke,jonaskrauss,Innen 10
30,1,Schnitzel,,2021-08-01,256,21.916666666666668,0,,,,cat_172500,,,1,4.5,0,,4.5,,,1,cat_480951,Speisen,jonaskrauss,Innen 1
31,1,Soda Zitrone,,2021-08-01,257,20.84,0,,,,cat_172500,,,1,1.5,0,,1.5,,,1,cat_480951,Alkoholfreie Getränke,jonaskrauss,Innen 1
32,1,Spaghetti,,2021-08-01,252,21.846666666666664,0,,,,cat_172500,,,1,5.2,0,,5.2,,,1,cat_480951,Speisen,jonaskrauss,Innen 5
33,1,"Spritzer 0,25l",,2021-08-01,246,17.416666666666668,0,,,,cat_172500,,,1,1.8,0,,1.8,,,1,cat_480951,Alkoholische Getränke,jonaskrauss,Innen 10
34,1,Worschtsalat,,2021-08-01,260,24.959999999999997,0,,,,cat_172500,,,1,7.419999999999999,0,,7.419999999999999,,,1,cat_480951,Speisen,jonaskrauss,Innen 1
35,1,Cola,,2021-08-02,254,16.486666666666668,0,,,,cat_172500,,,1,1.8,0,,1.8,,,1,cat_480951,Alkoholfreie Getränke,jonaskrauss,Innen 5
36,1,Cola Bacardi,,2021-08-02,255,18.580000000000002,0,,,,cat_172500,,,1,3.5,0,,3.5,,,1,cat_480951,Alkoholische Getränke,jonaskrauss,Innen 10
37,1,Schnitzel,,2021-08-02,256,21.916666666666668,0,,,,cat_172500,,,1,4.5,0,,4.5,,,1,cat_480951,Speisen,jonaskrauss,Innen 1
38,1,Soda Zitrone,,2021-08-02,257,20.84,0,,,,cat_172500,,,1,1.5,0,,1.5,,,1,cat_480951,Alkoholfreie Getränke,jonaskrauss,Innen 1
39,1,Spaghetti,,2021-08-02,252,21.846666666666664,0,,,,cat_172500,,,1,5.2,0,,5.2,,,1,cat_480951,Speisen,jonaskrauss,Innen 5
40,1,"Spritzer 0,25l",,2021-08-02,246,17.416666666666668,0,,,,cat_172500,,,1,1.8,0,,1.8,,,1,cat_480951,Alkoholische Getränke,jonaskrauss,Innen 10
41,1,Worschtsalat,,2021-08-02,260,24.959999999999997,0,,,,cat_172500,,,1,7.419999999999999,0,,7.419999999999999,,,1,cat_480951,Speisen,jonaskrauss,Innen 1
42,1,Cola,,2021-08-03,254,16.486666666666668,0,,,,cat_172500,,,1,1.8,0,,1.8,,,1,cat_480951,Alkoholfreie Getränke,jonaskrauss,Innen 5
43,1,Cola Bacardi,,2021-08-03,255,18.580000000000002,0,,,,cat_172500,,,1,3.5,0,,3.5,,,1,cat_480951,Alkoholische Getränke,jonaskrauss,Innen 10
44,1,Schnitzel,,2021-08-03,256,21.916666666666668,0,,,,cat_172500,,,1,4.5,0,,4.5,,,1,cat_480951,Speisen,jonaskrauss,Innen 1
45,1,Soda Zitrone,,2021-08-03,257,20.84,0,,,,cat_172500,,,1,1.5,0,,1.5,,,1,cat_480951,Alkoholfreie Getränke,jonaskrauss,Innen 1
46,1,Spaghetti,,2021-08-03,252,21.846666666666664,0,,,,cat_172500,,,1,5.2,0,,5.2,,,1,cat_480951,Speisen,jonaskrauss,Innen 5
47,1,"Spritzer 0,25l",,2021-08-03,246,17.416666666666668,0,,,,cat_172500,,,1,1.8,0,,1.8,,,1,cat_480951,Alkoholische Getränke,jonaskrauss,Innen 10
48,1,Worschtsalat,,2021-08-03,260,24.959999999999997,0,,,,cat_172500,,,1,7.419999999999999,0,,7.419999999999999,,,1,cat_480951,Speisen,jonaskrauss,Innen 1
